{"charErrorRates": [0.38144329896907214, 0.44948453608247424, 0.36907216494845363, 0.38762886597938145, 0.3628865979381443, 0.35670103092783506, 0.36907216494845363, 0.34845360824742266, 0.3711340206185567, 0.3649484536082474, 0.354639175257732, 0.32989690721649484, 0.3463917525773196, 0.38762886597938145, 0.35670103092783506, 0.35670103092783506, 0.38556701030927837, 0.40824742268041236, 0.43917525773195876, 0.3835051546391753, 0.4, 0.45979381443298967, 0.3938144329896907, 0.41649484536082476, 0.4288659793814433, 0.3938144329896907, 0.43917525773195876], "wordAccuracies": [0.0, 0.0, 0.061855670103092786, 0.0, 0.041237113402061855, 0.010309278350515464, 0.20618556701030927, 0.09278350515463918, 0.041237113402061855, 0.07216494845360824, 0.09278350515463918, 0.13402061855670103, 0.14432989690721648, 0.07216494845360824, 0.09278350515463918, 0.07216494845360824, 0.08247422680412371, 0.05154639175257732, 0.061855670103092786, 0.07216494845360824, 0.07216494845360824, 0.030927835051546393, 0.08247422680412371, 0.030927835051546393, 0.030927835051546393, 0.05154639175257732, 0.05154639175257732]}