{"charErrorRates": [0.6950354609929078, 0.599290780141844, 0.5957446808510638, 0.6099290780141844, 0.5212765957446809, 0.5283687943262412, 0.48936170212765956, 0.5106382978723404, 0.4716312056737589, 0.37943262411347517, 0.3262411347517731, 0.29432624113475175, 0.17375886524822695, 0.3262411347517731, 0.12411347517730496, 0.1276595744680851, 0.1099290780141844, 0.13829787234042554, 0.1347517730496454, 0.0673758865248227, 0.04964539007092199, 0.07446808510638298, 0.09574468085106383, 0.04964539007092199, 0.07446808510638298, 0.07801418439716312, 0.05673758865248227, 0.06382978723404255, 0.04964539007092199, 0.03546099290780142, 0.03900709219858156, 0.03900709219858156, 0.0425531914893617, 0.03900709219858156, 0.04609929078014184, 0.0425531914893617, 0.04609929078014184, 0.06028368794326241, 0.07801418439716312, 0.05319148936170213, 0.02127659574468085, 0.14184397163120568, 0.0425531914893617, 0.04609929078014184, 0.0425531914893617, 0.03546099290780142, 0.03546099290780142, 0.03546099290780142, 0.03546099290780142, 0.03900709219858156, 0.16312056737588654, 0.05319148936170213, 0.03900709219858156, 0.028368794326241134, 0.03900709219858156, 0.03546099290780142, 0.024822695035460994, 0.04964539007092199, 0.04964539007092199, 0.05673758865248227, 0.03900709219858156, 0.028368794326241134, 0.03546099290780142, 0.03900709219858156, 0.03546099290780142, 0.03546099290780142], "wordAccuracies": [0.0, 0.0, 0.0, 0.0, 0.0, 0.0, 0.0, 0.0, 0.0625, 0.10416666666666667, 0.1875, 0.16666666666666666, 0.3125, 0.14583333333333334, 0.4791666666666667, 0.4583333333333333, 0.5416666666666666, 0.5208333333333334, 0.5416666666666666, 0.6458333333333334, 0.7291666666666666, 0.6458333333333334, 0.5625, 0.75, 0.6666666666666666, 0.625, 0.75, 0.6666666666666666, 0.7291666666666666, 0.8125, 0.7916666666666666, 0.7708333333333334, 0.7708333333333334, 0.7916666666666666, 0.75, 0.7708333333333334, 0.75, 0.6875, 0.6041666666666666, 0.7291666666666666, 0.875, 0.4166666666666667, 0.7708333333333334, 0.75, 0.7916666666666666, 0.7916666666666666, 0.7916666666666666, 0.8125, 0.7916666666666666, 0.7916666666666666, 0.4375, 0.75, 0.7916666666666666, 0.8333333333333334, 0.7916666666666666, 0.7916666666666666, 0.875, 0.75, 0.75, 0.7083333333333334, 0.8125, 0.8541666666666666, 0.8125, 0.8125, 0.8333333333333334, 0.8333333333333334]}